artifact_id,artifact_name,workflow_run_id,created_at,fold,N,mae,rmse,r2,hit_rate,sharpe_long_only,sharpe_long_short,positive_signal_precision,positive_signal_coverage,mean_actual_return,validation_start,validation_end,hit_rate_vix_gt_20,n_vix_gt_20
10728172564,regime-analysis-124,35799984314,2026-09-23T01:41:48Z,1,4830,0.019533606231336223,0.030672223277070917,-0.10024770595038168,0.46356107660455487,0.26200701173907376,-0.2858702069590962,0.5196652719665272,0.7422360248447205,0.0028694997633527466,2025-09-15,2025-11-21,0.6238095238095238,840
10728172564,regime-analysis-124,35799984314,2026-09-23T01:41:48Z,2,4830,0.02012596422173427,0.03972441300740188,-0.005999882047363236,0.6405797101449275,1.5052876385406062,1.5625888893897082,0.6412705464238116,0.9320910973084886,0.0075979903909342405,2025-11-24,2026-02-05,0.7210884353741497,147
10728172564,regime-analysis-124,35799984314,2026-09-23T01:41:48Z,3,4830,0.020595747995460604,0.033807614105626715,0.041691574690111644,0.6625258799171843,1.1411887110977128,1.4602774253045057,0.6341013824884792,0.6739130434782609,0.002637866097636931,2026-02-06,2026-04-20,0.7232142857142857,3360
10728172564,regime-analysis-124,35799984314,2026-09-23T01:41:48Z,4,4830,0.02344623643402351,0.03708249400274385,-0.016132115984868634,0.5227743271221532,0.5765378737014067,0.8688038652012391,0.5216925549009106,0.7730848861283643,0.0005380848822515376,2026-04-21,2026-07-01,0.7619047619047619,210
10728172564,regime-analysis-124,35799984314,2026-09-23T01:41:48Z,5,4805,0.018549451846911133,0.029585763133265996,-0.03464857044043934,0.4851196670135276,0.14208398895967544,0.21881685660196135,0.44221105527638194,0.6626430801248699,0.00010993755892252626,2026-07-02,2026-09-11,0.7047619047619048,105
10673194012,regime-analysis-123,35672584394,2026-09-22T02:07:56Z,1,4830,0.019149079665670435,0.030546018403701976,-0.10849111013585122,0.38053830227743274,-0.5209456067341112,-1.296038766743275,0.43487957181088316,0.46418219461697724,0.0025736985208583978,2025-09-12,2025-11-20,0.39591836734693875,735
10673194012,regime-analysis-123,35672584394,2026-09-22T02:07:56Z,2,4830,0.019700418402167418,0.03898262113269896,0.037311551734152903,0.6128364389233955,1.3617863776818555,1.3218171969950852,0.6186295503211992,0.9668737060041408,0.007595330140336127,2025-11-21,2026-02-04,0.7083333333333334,168
10673194012,regime-analysis-123,35672584394,2026-09-22T02:07:56Z,3,4830,0.02070725014950848,0.033461044116064174,0.05847056690726382,0.5639751552795031,0.8515053844463993,1.0456084774851555,0.5571542765787371,0.7770186335403727,0.0026847766546414568,2026-02-05,2026-04-17,0.5868086364980775,3381
10673194012,regime-analysis-123,35672584394,2026-09-22T02:07:56Z,4,4830,0.023702149124268185,0.03827467248702309,-0.08627494767604671,0.4668737060041408,-0.2643669406315421,-0.5228980801775476,0.4821643286573146,0.5165631469979296,0.0005874078646127784,2026-04-20,2026-06-30,0.38095238095238093,210
10673194012,regime-analysis-123,35672584394,2026-09-22T02:07:56Z,5,4805,0.019192790735219487,0.03083188748442633,-0.12875606504634396,0.45806451612903226,-0.35399638778792414,-0.5769056379475559,0.4055087987758225,0.5440166493236213,0.00010378750495523178,2026-07-01,2026-09-10,0.8095238095238095,105
10574254602,regime-analysis-122,35407345736,2026-09-19T01:21:51Z,1,4830,0.019369000120893848,0.030750988375918144,-0.12341742183057591,0.3681159420289855,-0.7506840134917651,-1.4693954636897464,0.4017045454545455,0.36438923395445133,0.0025736985208583978,2025-09-12,2025-11-20,0.34285714285714286,735
10574254602,regime-analysis-122,35407345736,2026-09-19T01:21:51Z,2,4830,0.020274524271931178,0.03989766113760689,-0.008413291373332132,0.6004140786749482,1.1864534151286528,0.8118035218997737,0.6360816748513828,0.8010351966873706,0.007595330140336127,2025-11-21,2026-02-04,0.7083333333333334,168
10574254602,regime-analysis-122,35407345736,2026-09-19T01:21:51Z,3,4830,0.022117956281154465,0.035638682360365104,-0.06806627388395747,0.5178053830227743,0.5752060173592817,0.48948087063041223,0.5238660650676799,0.8718426501035197,0.0026847766546414568,2026-02-05,2026-04-17,0.5235137533274179,3381
10574254602,regime-analysis-122,35407345736,2026-09-19T01:21:51Z,4,4830,0.023747197710656726,0.03828058612083966,-0.08661064374369687,0.4832298136645963,0.18668293013749038,0.219502530415166,0.49833555259653795,0.6219461697722567,0.0005874078646127784,2026-04-20,2026-06-30,0.5333333333333333,210
10574254602,regime-analysis-122,35407345736,2026-09-19T01:21:51Z,5,4805,0.018552533170183697,0.02972983566233087,-0.04950591146889738,0.508012486992716,-0.07661186744703359,-0.11596149019267811,0.41025641025641024,0.2921956295525494,0.00010378750495523178,2026-07-01,2026-09-10,0.7047619047619048,105
10526733832,regime-analysis-121,35288873707,2026-09-18T00:55:28Z,1,4830,0.018367109392651192,0.029405406804919116,-0.030866198299492442,0.420703933747412,-0.0007934481083737459,-0.584818518633365,0.46900638103919784,0.45424430641821945,0.0023818473808318386,2025-09-11,2025-11-19,0.3932411674347158,651
10526733832,regime-analysis-121,35288873707,2026-09-18T00:55:28Z,2,4830,0.01986801569917408,0.03958575334599427,0.016058079830778782,0.6151138716356108,1.3759889264765057,1.3801529185552612,0.6171392027286293,0.9712215320910973,0.007708662022185855,2025-11-20,2026-02-03,0.6796536796536796,231
10526733832,regime-analysis-121,35288873707,2026-09-18T00:55:28Z,3,4830,0.019565510100933256,0.0308449021254764,0.19493632131258243,0.7244306418219462,1.883485187289967,2.663540462041039,0.7007203667321545,0.6322981366459627,0.002720503775902818,2026-02-04,2026-04-16,0.8045267489711934,3402
10526733832,regime-analysis-121,35288873707,2026-09-18T00:55:28Z,4,4830,0.024107478530256007,0.03905491359371604,-0.13428036224758344,0.5250517598343686,0.23503419534322575,0.278414871078091,0.5300808141275067,0.6917184265010352,0.0006291904728230883,2026-04-17,2026-06-29,0.7619047619047619,210
10526733832,regime-analysis-121,35288873707,2026-09-18T00:55:28Z,5,4805,0.019516900941828463,0.030220016043283386,-0.09415701558240785,0.43329864724245576,-0.016601868539601532,-0.11197988779114151,0.4293122886133033,0.922996878251821,0.00033350113413646614,2026-06-30,2026-09-09,0.6190476190476191,105
10477550263,regime-analysis-120,35165084206,2026-09-17T01:48:37Z,1,4830,0.018507786503486227,0.029909930810350302,-0.05732291380922727,0.4451345755693582,0.03246258621591995,-0.5985132591972337,0.49735099337748345,0.31262939958592134,0.002645329781569942,2025-09-09,2025-11-17,0.4230769230769231,546
10477550263,regime-analysis-120,35165084206,2026-09-17T01:48:37Z,2,4830,0.019584950239968563,0.03868033403854966,0.016896917321166605,0.6012422360248447,1.7055573603590857,1.4312708434385906,0.6523359128690169,0.7223602484472049,0.009026635531172049,2025-11-18,2026-01-30,0.6309523809523809,420
10477550263,regime-analysis-120,35165084206,2026-09-17T01:48:37Z,3,4830,0.019535301795272696,0.03254053598478453,0.09488145371490897,0.6474120082815735,0.9668628043680417,1.320885019672837,0.6142302716688227,0.8002070393374742,0.0025964286214120104,2026-02-02,2026-04-14,0.6837979094076655,3444
10477550263,regime-analysis-120,35165084206,2026-09-17T01:48:37Z,4,4830,0.02430244522180917,0.03904116878519086,-0.12843393174312712,0.47370600414078673,-0.11595240207087672,-0.3152355750715937,0.49321676213445886,0.6867494824016563,0.0005371186323236443,2026-04-15,2026-06-25,0.7380952380952381,210
10477550263,regime-analysis-120,35165084206,2026-09-17T01:48:37Z,5,4805,0.01903115787798986,0.030299140573336745,-0.11140270850307266,0.4493236212278876,0.2003027934075679,0.2043861290606702,0.4436482084690554,0.9583766909469302,0.0007794495174557399,2026-06-26,2026-09-04,0.6190476190476191,105
10425779034,regime-analysis-119,35037919242,2026-09-16T01:19:20Z,1,4830,0.018415556399213003,0.029929242926896082,-0.05868873010216413,0.4244306418219462,-0.06312704847843201,-0.7510451760743473,0.4765127388535032,0.5200828157349896,0.002645329781569942,2025-09-09,2025-11-17,0.5183150183150184,546
10425779034,regime-analysis-119,35037919242,2026-09-16T01:19:20Z,2,4830,0.019654702880924906,0.038584790476732765,0.021747607789616485,0.6455486542443064,1.7895695573922554,1.8172431087374494,0.6507597340930674,0.8720496894409938,0.009026635531172049,2025-11-18,2026-01-30,0.7333333333333333,420
10425779034,regime-analysis-119,35037919242,2026-09-16T01:19:20Z,3,4830,0.02244116324728179,0.035447999636180866,-0.07408715997496595,0.5209109730848861,0.47881506174600164,0.3525213380393316,0.5377149195784803,0.746583850931677,0.0025964286214120104,2026-02-02,2026-04-14,0.5354239256678281,3444
10425779034,regime-analysis-119,35037919242,2026-09-16T01:19:20Z,4,4830,0.023911159276382658,0.03823607781645973,-0.08237359487913332,0.5093167701863354,-0.14936841533838022,-0.3475444169839196,0.5252686032630323,0.5202898550724637,0.0005371186323236443,2026-04-15,2026-06-25,0.5714285714285714,210
10425779034,regime-analysis-119,35037919242,2026-09-16T01:19:20Z,5,4760,0.018999768574892186,0.03020362142926242,-0.10839202827444194,0.44915966386554623,0.17621653551880348,0.13192550178963774,0.4433497536945813,0.9382352941176471,0.0008694430537287838,2026-06-26,2026-09-04,0.6190476190476191,105
10376338946,regime-analysis-118,34912551669,2026-09-15T01:48:02Z,1,4830,0.019639828076648914,0.0314594523567209,-0.17270951740261498,0.3865424430641822,-0.4459390827440345,-1.3855996369113432,0.4118129614438064,0.2523809523809524,0.003719292096284177,2025-09-05,2025-11-13,0.45714285714285713,525
10376338946,regime-analysis-118,34912551669,2026-09-15T01:48:02Z,2,4830,0.017949566966416957,0.03389480101102207,0.1571830902352912,0.6426501035196688,2.1716603620272306,2.2129760209415106,0.6421433127790772,0.9737060041407868,0.010885529337102694,2025-11-14,2026-01-28,0.7668308702791461,609
10376338946,regime-analysis-118,34912551669,2026-09-15T01:48:02Z,3,4830,0.02269154605411479,0.03550384598175469,-0.09603482405988983,0.5329192546583851,0.4526678530376279,0.41188884387953784,0.5370950888192267,0.9906832298136646,0.0023406540881419037,2026-01-29,2026-04-10,0.5267489711934157,3402
10376338946,regime-analysis-118,34912551669,2026-09-15T01:48:02Z,4,4830,0.02431236398087942,0.03903019714892771,-0.1309058167564423,0.4629399585921325,-0.12001072982252264,-0.2696860728815819,0.463519313304721,0.2894409937888199,0.0006625182245072325,2026-04-13,2026-06-23,0.35714285714285715,210
10376338946,regime-analysis-118,34912551669,2026-09-15T01:48:02Z,5,4805,0.019366305809443055,0.030852907129981715,-0.15411933631821007,0.454942767950052,0.2963551233593656,0.3222315386884826,0.44987829165744636,0.9404786680541103,0.0010865523270943132,2026-06-24,2026-09-02,0.6190476190476191,105
10288715712,regime-analysis-117,34659664734,2026-09-12T01:24:39Z,1,4830,0.019639828076648914,0.0314594523567209,-0.17270951740261498,0.3865424430641822,-0.4459390827440345,-1.3855996369113432,0.4118129614438064,0.2523809523809524,0.003719292096284177,2025-09-05,2025-11-13,0.45714285714285713,525
10288715712,regime-analysis-117,34659664734,2026-09-12T01:24:39Z,2,4830,0.017949566966416957,0.03389480101102207,0.1571830902352912,0.6426501035196688,2.1716603620272306,2.2129760209415106,0.6421433127790772,0.9737060041407868,0.010885529337102694,2025-11-14,2026-01-28,0.7668308702791461,609
10288715712,regime-analysis-117,34659664734,2026-09-12T01:24:39Z,3,4830,0.02269154605411479,0.03550384598175469,-0.09603482405988983,0.5329192546583851,0.4526678530376279,0.41188884387953784,0.5370950888192267,0.9906832298136646,0.0023406540881419037,2026-01-29,2026-04-10,0.5267489711934157,3402
10288715712,regime-analysis-117,34659664734,2026-09-12T01:24:39Z,4,4830,0.02431236398087942,0.03903019714892771,-0.1309058167564423,0.4629399585921325,-0.12001072982252264,-0.2696860728815819,0.463519313304721,0.2894409937888199,0.0006625182245072325,2026-04-13,2026-06-23,0.35714285714285715,210
10288715712,regime-analysis-117,34659664734,2026-09-12T01:24:39Z,5,4805,0.019366305809443055,0.030852907129981715,-0.15411933631821007,0.454942767950052,0.2963551233593656,0.3222315386884826,0.44987829165744636,0.9404786680541103,0.0010865523270943132,2026-06-24,2026-09-02,0.6190476190476191,105
10180621647,regime-analysis-116,34543403027,2026-09-11T01:24:46Z,1,4830,0.018001202063497673,0.02971433980834819,-0.06389458884134358,0.4501035196687371,0.21410954411049404,-0.8285064615729941,0.5528401585204755,0.3134575569358178,0.004437571599325179,2025-09-04,2025-11-12,0.4666666666666667,525
10180621647,regime-analysis-116,34543403027,2026-09-11T01:24:46Z,2,4830,0.0185248869755931,0.03459382885900789,0.05113057526506293,0.6484472049689441,2.423565999613751,2.2199302269659777,0.6721981721981722,0.8608695652173913,0.01174050077424248,2025-11-13,2026-01-27,0.7708333333333334,672
10180621647,regime-analysis-116,34543403027,2026-09-11T01:24:46Z,3,4830,0.019505244499361724,0.032412588608891645,0.10078119790622575,0.6619047619047619,1.2049514694897046,1.758809939145502,0.6322280076733352,0.7554865424430642,0.0017062638122907416,2026-01-28,2026-04-09,0.6939203354297694,3339
10180621647,regime-analysis-116,34543403027,2026-09-11T01:24:46Z,4,4830,0.024006044289001206,0.03801423624000084,-0.07910193772585727,0.4374741200828157,-0.16618683455360522,-0.38899069460507696,0.4402379664683613,0.38281573498964805,0.0009220169854274638,2026-04-10,2026-06-22,0.2761904761904762,210
10180621647,regime-analysis-116,34543403027,2026-09-11T01:24:46Z,5,4805,0.019837678525601404,0.03151888016894351,-0.19447390511108575,0.44391259105098857,0.21801467778344266,0.1638707271850026,0.44533275713050996,0.9631633714880333,0.001092540465035354,2026-06-23,2026-09-01,0.6190476190476191,105
10131816256,regime-analysis-115,34418587479,2026-09-10T00:59:56Z,1,4830,0.017370750942369693,0.028921382901898017,-0.023313786439004724,0.527536231884058,0.9337146883386769,0.45708236274632347,0.6009174311926605,0.6318840579710145,0.005158655243349027,2025-09-03,2025-11-11,0.5714285714285714,525
10131816256,regime-analysis-115,34418587479,2026-09-10T00:59:56Z,2,4830,0.01834499551488108,0.0333713955446154,0.06634995468934424,0.6391304347826087,2.5277220317997595,2.3685794514978546,0.6613014486088756,0.9004140786749483,0.012036866615200264,2025-11-12,2026-01-26,0.7815126050420168,714
10131816256,regime-analysis-115,34418587479,2026-09-10T00:59:56Z,3,4830,0.020358416359095282,0.034497212690267016,0.009207368625113843,0.6511387163561076,0.8574955403914118,1.3400990151336423,0.6250709018718095,0.7300207039337474,0.0008128370981016943,2026-01-27,2026-04-08,0.6832565284178187,3255
10131816256,regime-analysis-115,34418587479,2026-09-10T00:59:56Z,4,4830,0.024473021004003406,0.040112214887447664,-0.21654516110633182,0.5101449275362319,0.25000148451743226,0.20318755212495215,0.5159491412000893,0.9281573498964804,0.0014318486647789158,2026-04-09,2026-06-18,0.7619047619047619,210
10131816256,regime-analysis-115,34418587479,2026-09-10T00:59:56Z,5,4805,0.01844143012513365,0.02986323178720828,-0.06601453725456174,0.49281997918834547,0.28385464327521354,0.23509169304060565,0.46295143212951434,0.6684703433922997,0.0011666859383785738,2026-06-22,2026-08-31,0.638095238095238,105
10084188403,regime-analysis-114,34292357319,2026-09-09T01:23:02Z,1,4830,0.019332720870053683,0.031355974041780865,-0.21965422323625305,0.3552795031055901,-0.5636962120069632,-1.729969875052697,0.332378223495702,0.07225672877846791,0.005777117769967433,2025-09-02,2025-11-10,0.23047619047619047,525
10084188403,regime-analysis-114,34292357319,2026-09-09T01:23:02Z,2,4830,0.01801287425158634,0.03255039010189881,0.06893112284132996,0.6523809523809524,2.4853605362226356,2.4637868371971003,0.6544569129790387,0.9778467908902692,0.011885982354344203,2025-11-11,2026-01-23,0.7324929971988795,714
10084188403,regime-analysis-114,34292357319,2026-09-09T01:23:02Z,3,4830,0.022368763237400544,0.03825985557265426,-0.17737646429387555,0.5376811594202898,-0.008175652618667274,0.02057241547280868,0.5316870629370629,0.9474120082815735,-0.0001794057653544862,2026-01-26,2026-04-07,0.5238095238095238,3150
10084188403,regime-analysis-114,34292357319,2026-09-09T01:23:02Z,4,4830,0.022695200949271386,0.03604880784069441,0.0025619100012256313,0.5273291925465838,0.7710998330653426,0.7830907668885735,0.538232668848557,0.6958592132505176,0.002127276409873862,2026-04-08,2026-06-17,0.3333333333333333,231
10084188403,regime-analysis-114,34292357319,2026-09-09T01:23:02Z,5,4805,0.018821201702117443,0.030259129731107417,-0.08710134650882684,0.49323621227887615,0.47424603144013633,0.5427059865963957,0.47096601552047096,0.7777315296566077,0.0012587306837010576,2026-06-18,2026-08-28,0.6190476190476191,105
10037317268,regime-analysis-113,34171829724,2026-09-08T01:18:24Z,1,4830,0.01898877798086218,0.03047082563924376,-0.16844181074141584,0.3966873706004141,0.5353045467718431,-1.1115464911856323,0.622895622895623,0.12298136645962733,0.0062378542124767,2025-08-29,2025-11-07,0.43047619047619046,525
10037317268,regime-analysis-113,34171829724,2026-09-08T01:18:24Z,2,4830,0.01780633110516383,0.031243297552123964,0.10865746722578018,0.6395445134575569,2.4745419111201348,2.326387751158864,0.6447564348011061,0.9732919254658385,0.011367966622912994,2025-11-10,2026-01-22,0.7359307359307359,693
10037317268,regime-analysis-113,34171829724,2026-09-08T01:18:24Z,3,4830,0.022985633739952206,0.03957567302831389,-0.20947082454143784,0.4989648033126294,-0.26244931304563185,-0.25616148738865957,0.5044190558309981,0.9604554865424431,-0.0013561562914902933,2026-01-23,2026-04-06,0.4827586206896552,3045
10037317268,regime-analysis-113,34171829724,2026-09-08T01:18:24Z,4,4830,0.022959635292444613,0.0365289888316827,-0.03723349328969894,0.48819875776397514,0.6192359579891396,0.384694037325894,0.5205585725368502,0.5337474120082816,0.002821828379692342,2026-04-07,2026-06-16,0.4139194139194139,273
10037317268,regime-analysis-113,34171829724,2026-09-08T01:18:24Z,5,4805,0.019223406203822322,0.03213211922162397,-0.21208827205679648,0.49427679500520294,0.5016138832060442,0.6060435452801344,0.4747311827956989,0.7741935483870968,0.001368176467383806,2026-06-17,2026-08-27,0.6190476190476191,105
9959998180,regime-analysis-112,33930550708,2026-09-05T01:12:51Z,1,4830,0.019737973280747056,0.031181561941498563,-0.22358565556827026,0.3778467908902691,0.4995608734997935,-1.2332145280313298,0.6122448979591837,0.050724637681159424,0.0062378542124767,2025-08-29,2025-11-07,0.29333333333333333,525
9959998180,regime-analysis-112,33930550708,2026-09-05T01:12:51Z,2,4830,0.017823260412968066,0.03130870340332518,0.10492162342709122,0.6525879917184265,2.611030793151715,2.519086038649076,0.6606498194945848,0.9175983436853002,0.011367966622912994,2025-11-10,2026-01-22,0.7056277056277056,693
9959998180,regime-analysis-112,33930550708,2026-09-05T01:12:51Z,3,4830,0.024152662341914356,0.04139100914159129,-0.32297247287322195,0.5076604554865425,-0.27062882002936367,-0.27368675809409504,0.5085239085239085,0.9958592132505176,-0.0013561562914902933,2026-01-23,2026-04-06,0.483743842364532,3045
9959998180,regime-analysis-112,33930550708,2026-09-05T01:12:51Z,4,4830,0.023290511488891667,0.03704672384505106,-0.06684382311267023,0.4927536231884058,0.5028265258551365,0.21552211234167143,0.5213191205862758,0.6215320910973084,0.002821828379692342,2026-04-07,2026-06-16,0.36996336996337,273
9959998180,regime-analysis-112,33930550708,2026-09-05T01:12:51Z,5,4805,0.018601571725254867,0.03001624796926429,-0.05771416066124857,0.4894901144640999,0.4081248518438113,0.44571805802800274,0.47284427284427283,0.8085327783558793,0.001368176467383806,2026-06-17,2026-08-27,0.6190476190476191,105
9919754402,regime-analysis-111,33819030583,2026-09-04T01:21:15Z,1,4830,0.018518720630216857,0.029868637441451084,-0.1388034539807148,0.35859213250517596,0.012782938711178339,-1.644305314994908,0.5031111111111111,0.2329192546583851,0.006540218190704041,2025-08-28,2025-11-06,0.4666666666666667,525
9919754402,regime-analysis-111,33819030583,2026-09-04T01:21:15Z,2,4830,0.017606272170976257,0.029897605565111243,0.16079231518459658,0.6275362318840579,2.473079945641701,2.10437289328924,0.6995558375634517,0.6525879917184265,0.01057680306504297,2025-11-07,2026-01-21,0.6622023809523809,672
9919754402,regime-analysis-111,33819030583,2026-09-04T01:21:15Z,3,4830,0.02275864765102464,0.04122413448894444,-0.262299809013951,0.5380952380952381,-0.4627312156791977,-0.32687407666630075,0.5203189300411523,0.8049689440993789,-0.0026143759691242183,2026-01-22,2026-04-02,0.5666666666666667,2940
9919754402,regime-analysis-111,33819030583,2026-09-04T01:21:15Z,4,4830,0.02272772706897212,0.03620861732364492,-0.020215030137454848,0.5271221532091097,0.6283880607906309,0.49163680336640775,0.5434343434343434,0.8198757763975155,0.0035907078869231958,2026-04-06,2026-06-15,0.7936507936507936,315
9919754402,regime-analysis-111,33819030583,2026-09-04T01:21:15Z,5,4805,0.019085593196513338,0.03135245828249989,-0.137019729786775,0.4951092611862643,0.00453927088509607,-0.34787792807571083,0.4762345679012346,0.6742976066597295,0.0014703541966535583,2026-06-16,2026-08-26,0.4380952380952381,105
9874003459,regime-analysis-110,33696956081,2026-09-03T01:09:06Z,1,4830,0.01875289822246782,0.030059460207814186,-0.1644336202900465,0.38944099378881986,0.658544379240663,-1.1303740787532175,0.6430769230769231,0.13457556935817805,0.006735170781367741,2025-08-27,2025-11-05,0.45714285714285713,525
9874003459,regime-analysis-110,33696956081,2026-09-03T01:09:06Z,2,4830,0.018192328347605077,0.03155488231143889,0.03863667985742747,0.6312629399585922,2.236855667205177,2.138240419359997,0.6359945872801083,0.9180124223602485,0.00971715213873395,2025-11-06,2026-01-20,0.7619047619047619,651
9874003459,regime-analysis-110,33696956081,2026-09-03T01:09:06Z,3,4830,0.022679345980561785,0.04132321907540597,-0.24063022440397241,0.6012422360248447,-0.13613396862741414,0.42345347110534015,0.5530383795309168,0.7768115942028986,-0.0035219153086041718,2026-01-21,2026-04-01,0.6582010582010582,2835
9874003459,regime-analysis-110,33696956081,2026-09-03T01:09:06Z,4,4830,0.023489327050030977,0.037188233157315,-0.07607339576617789,0.5024844720496895,0.5262729856466939,0.08105237644128585,0.5496493170911776,0.5608695652173913,0.004252743292238224,2026-04-02,2026-06-12,0.6640211640211641,378
9874003459,regime-analysis-110,33696956081,2026-09-03T01:09:06Z,5,4805,0.019833831589023382,0.03232669594658987,-0.17871554113730248,0.47200832466181064,0.3699531674112319,0.3795095627438158,0.4743761140819964,0.9340270551508845,0.0014995548183340257,2026-06-15,2026-08-25,0.6190476190476191,105
9827810499,regime-analysis-109,33572569001,2026-09-02T01:26:11Z,1,4830,0.0198286244198416,0.03124428365227023,-0.27772984150319857,0.3619047619047619,0.26873822225755456,-1.677992690567072,0.816,0.025879917184265012,0.006916915711441642,2025-08-26,2025-11-04,0.23809523809523808,525
9827810499,regime-analysis-109,33572569001,2026-09-02T01:26:11Z,2,4830,0.018145446973584903,0.030744927677146372,0.06518659817319827,0.5329192546583851,1.793402332473589,1.0305357887713291,0.6091661362189688,0.6505175983436853,0.009025902869902498,2025-11-05,2026-01-16,0.680952380952381,630
9827810499,regime-analysis-109,33572569001,2026-09-02T01:26:11Z,3,4830,0.022788712708390925,0.04212198168866065,-0.25821403631579987,0.5674948240165631,-0.30263994202130096,0.23771437202056855,0.5244660719113274,0.7658385093167702,-0.004138468936494447,2026-01-20,2026-03-31,0.6125045438022537,2751
9827810499,regime-analysis-109,33572569001,2026-09-02T01:26:11Z,4,4830,0.023040454434105385,0.036708834420939244,-0.042302415067114296,0.4652173913043478,0.44122664973150877,-0.3425453117086701,0.5284705882352941,0.43995859213250516,0.00471689028920202,2026-04-01,2026-06-11,0.7056277056277056,462
9827810499,regime-analysis-109,33572569001,2026-09-02T01:26:11Z,5,4805,0.019508424405670743,0.03189165408008256,-0.11472807016027797,0.4921956295525494,0.3046360767587155,0.15346842456654844,0.477580372250423,0.4919875130072841,0.0013210295296868216,2026-06-12,2026-08-24,0.5714285714285714,105
9783881323,regime-analysis-108,33456918817,2026-09-01T02:36:01Z,1,4830,0.018003017014226873,0.029446062240921746,-0.15808830512456606,0.4894409937888199,1.524796922426732,-0.09035111472496346,0.7158469945355191,0.3409937888198758,0.007139524616871732,2025-08-25,2025-11-03,0.46095238095238095,525
9783881323,regime-analysis-108,33456918817,2026-09-01T02:36:01Z,2,4830,0.017748482205685343,0.030210622107094826,0.08611813947164637,0.6281573498964803,2.081040853960483,2.0687820422769194,0.6447643979057591,0.7908902691511387,0.008539868917517152,2025-11-04,2026-01-15,0.7428571428571429,630
9783881323,regime-analysis-108,33456918817,2026-09-01T02:36:01Z,3,4830,0.02305120780334279,0.041163833052151315,-0.1703504067172843,0.4699792960662526,-0.8141693336053738,-0.781802192163468,0.4654919236417034,0.9869565217391304,-0.0045157360245026736,2026-01-16,2026-03-30,0.43119610048743906,2667
9783881323,regime-analysis-108,33456918817,2026-09-01T02:36:01Z,4,4830,0.024202636538612696,0.03728003280185539,-0.0657712407867801,0.47867494824016565,0.9503780892401046,0.04667700152539186,0.6191562143671607,0.18157349896480332,0.005013422173530664,2026-03-31,2026-06-10,0.6057142857142858,525
9783881323,regime-analysis-108,33456918817,2026-09-01T02:36:01Z,5,4805,0.020302168951682704,0.032853831125824275,-0.15127420857796037,0.48449531737773155,0.20073085298039903,0.0938906807812928,0.48095002474022763,0.8412070759625391,0.0011256224498696428,2026-06-11,2026-08-21,0.6190476190476191,105
9709710395,regime-analysis-107,33231539720,2026-08-29T05:03:14Z,1,4830,0.018802354600597936,0.029653042361748587,-0.19953572604158154,0.5169772256728778,1.212548990495566,0.23412253109534092,0.6354264292408622,0.6627329192546584,0.007432117164869185,2025-08-22,2025-10-31,0.7352380952380952,525
9709710395,regime-analysis-107,33231539720,2026-08-29T05:03:14Z,2,4830,0.01841363813296787,0.031006518067409814,0.028014279784580598,0.5962732919254659,1.87530589948313,1.874720709481062,0.5965202982601492,0.9995859213250518,0.008310161464784594,2025-11-03,2026-01-14,0.7857142857142857,630
9709710395,regime-analysis-107,33231539720,2026-08-29T05:03:14Z,3,4830,0.021551764767099676,0.0399512443320172,-0.07220557977322928,0.5650103519668737,-0.437259441642624,0.09506750656285906,0.5153846153846153,0.7536231884057971,-0.004635403526121206,2026-01-15,2026-03-27,0.5818815331010453,2583
9709710395,regime-analysis-107,33231539720,2026-08-29T05:03:14Z,4,4830,0.024057149099039197,0.03808135752728368,-0.09989413267695402,0.45362318840579713,0.24047915815842086,-0.6194608176675496,0.5150375939849624,0.7159420289855073,0.00529276337451762,2026-03-30,2026-06-09,0.22789115646258504,588
9709710395,regime-analysis-107,33231539720,2026-08-29T05:03:14Z,5,4805,0.020286383853828,0.033749029786675294,-0.18998749736343146,0.4980228928199792,0.19042835734943467,0.17151647649628193,0.48823678219074124,0.822684703433923,0.000884629939126147,2026-06-10,2026-08-20,0.6111111111111112,126
9678170128,regime-analysis-106,33146319163,2026-08-28T07:39:30Z,1,4830,0.018560919540611127,0.029910255628708356,-0.2513143703140086,0.4062111801242236,0.47819627339993753,-1.4723120551085063,0.6053227633069083,0.3656314699792961,0.007802291079222144,2025-08-21,2025-10-30,0.6266666666666667,525
9678170128,regime-analysis-106,33146319163,2026-08-28T07:39:30Z,2,4830,0.018283888245785317,0.030638542795180156,0.04462786190214041,0.6010351966873706,2.0800323859194125,2.1706231201291986,0.6094956837801,0.9113871635610766,0.008165384032272934,2025-10-31,2026-01-13,0.7857142857142857,630
9678170128,regime-analysis-106,33146319163,2026-08-28T07:39:30Z,3,4830,0.023659420841049796,0.04385381267215849,-0.25333575630212835,0.574120082815735,-0.4864305862843221,-0.11356355879896048,0.5199004975124378,0.7490683229813665,-0.004549630241349146,2026-01-14,2026-03-26,0.5786314525810324,2499
9678170128,regime-analysis-106,33146319163,2026-08-28T07:39:30Z,4,4830,0.02242766576481851,0.03582787970309101,0.03013389188621296,0.5548654244306418,1.0386889852182124,0.8908295218102105,0.5681308830121022,0.9238095238095239,0.005637348049990658,2026-03-27,2026-06-08,0.8943452380952381,672
9678170128,regime-analysis-106,33146319163,2026-08-28T07:39:30Z,5,4805,0.019596970206731682,0.031400216242758384,-0.010991501011629712,0.5664932362122789,0.9671898327292172,1.1748194912285126,0.5723431498079385,0.3250780437044745,0.0007683922685673115,2026-06-09,2026-08-19,0.5782312925170068,147
9633446351,regime-analysis-105,33034753272,2026-08-27T04:36:35Z,1,4830,0.017104670899957493,0.02800271522269386,-0.12278216800012265,0.4971014492753623,1.5361950356057033,-0.12975063272099338,0.6745901639344263,0.505175983436853,0.008242150292342609,2025-08-20,2025-10-29,0.47619047619047616,525
9633446351,regime-analysis-105,33034753272,2026-08-27T04:36:35Z,2,4830,0.018642931640989242,0.0321043903621761,-0.056589630943087776,0.5374741200828157,1.425569911704386,0.42114817517894615,0.6084298584298584,0.6434782608695652,0.007921818606544494,2025-10-30,2026-01-12,0.780952380952381,630
9633446351,regime-analysis-105,33034753272,2026-08-27T04:36:35Z,3,4830,0.02515344887168174,0.04622427638035797,-0.35774366023022064,0.4927536231884058,-0.6257161764704755,-0.44776208087001274,0.4716255934885824,0.9157349896480331,-0.004319291739399428,2026-01-13,2026-03-25,0.45507246376811594,2415
9633446351,regime-analysis-105,33034753272,2026-08-27T04:36:35Z,4,4830,0.02375698711588645,0.03751572661779947,-0.071538997398372,0.4946169772256729,0.6758838440749003,-0.016157816407478882,0.5512440758293838,0.6989648033126294,0.0062182797249137455,2026-03-26,2026-06-05,0.8743386243386243,756
9633446351,regime-analysis-105,33034753272,2026-08-27T04:36:35Z,5,4805,0.021063612287959638,0.03449292790474892,-0.2092988575333452,0.4840790842872008,0.15333537202673045,0.1198319378205118,0.4799459215863001,0.923621227887617,0.0007791699999493976,2026-06-08,2026-08-18,0.6428571428571429,168
9587697881,regime-analysis-104,32905972054,2026-08-26T00:20:00Z,1,4830,0.01796175810039418,0.028500345865074026,-0.1844248174481231,0.36376811594202896,0.51744307706632,-1.6651297337342292,0.6502293577981652,0.1805383022774327,0.00865865940234038,2025-08-19,2025-10-28,0.4533333333333333,525
9587697881,regime-analysis-104,32905972054,2026-08-26T00:20:00Z,2,4830,0.01775454720367833,0.030165025765344994,0.05840980815765717,0.584472049689441,1.6999955184924926,1.6106913632329722,0.6034522976440401,0.8875776397515528,0.007534402661026547,2025-10-29,2026-01-09,0.7238095238095238,630
9587697881,regime-analysis-104,32905972054,2026-08-26T00:20:00Z,3,4830,0.021900502458323465,0.0413997829029964,-0.07051820240938822,0.5971014492753624,-0.12804896446058076,0.4877254869406223,0.5370684776457272,0.7316770186335404,-0.0040075457807861705,2026-01-12,2026-03-24,0.6445887445887446,2310
9587697881,regime-analysis-104,32905972054,2026-08-26T00:20:00Z,4,4830,0.023135258814900608,0.036437895367995576,-0.0323937024606209,0.512008281573499,1.241511814962198,0.324549433430477,0.6184145741014279,0.42049689440993787,0.007000004777366918,2026-03-25,2026-06-04,0.7083333333333334,840
9587697881,regime-analysis-104,32905972054,2026-08-26T00:20:00Z,5,4805,0.020513171891639218,0.03323813442141759,-0.11556864581718784,0.47762747138397504,-0.16418708686654898,-0.5259351341298738,0.4723723723723724,0.6930280957336108,0.0010261641713971365,2026-06-05,2026-08-17,0.6190476190476191,210
