artifact_id,artifact_name,workflow_run_id,created_at,updated_at,expires_at,N,mae,rmse,r2,hit_rate,sharpe_long_only,sharpe_long_short,positive_signal_precision,positive_signal_coverage,mean_actual_return,fold_count
9587697881,regime-analysis-104,32905972054,2026-08-26 00:20:00+00:00,2026-08-26T00:20:00Z,2026-09-25T00:19:59Z,24125,0.02025277813503291,0.03426074017832233,-0.039419524319935784,0.5070259067357513,0.5916409275023968,0.12135568297485812,0.5607656183293013,0.5825492227979274,0.0040454626140149445,5
9633446351,regime-analysis-105,33034753272,2026-08-27 04:36:35+00:00,2026-08-27T04:36:35Z,2026-09-26T04:36:34Z,24125,0.02114441380876158,0.0361921017732662,-0.15646546736704514,0.5012227979274612,0.4343348751586379,-0.02797168096370477,0.5405678942929435,0.73720207253886,0.003771523050835885,5
9678170128,regime-analysis-106,33146319163,2026-08-28 07:39:30+00:00,2026-08-28T07:39:30Z,2026-09-27T07:39:28Z,24125,0.020506714684268786,0.03471958274439832,-0.06704101432564169,0.5405181347150259,0.7389195253114086,0.5415694373482265,0.5731815306767869,0.6553367875647669,0.003567654825066348,5
9709710395,regime-analysis-107,33231539720,2026-08-29 05:03:14+00:00,2026-08-29T05:03:14Z,2026-09-28T05:03:13Z,24125,0.020622606146910555,0.03471696653406068,-0.0757407656846869,0.5260103626943006,0.5725951737391823,0.3088417812206882,0.5503668763102726,0.790880829015544,0.00345951920026875,5
9783881323,regime-analysis-108,33456918817,2026-09-01 02:36:01+00:00,2026-09-01T02:36:01Z,2026-10-01T02:36:00Z,24125,0.0206618748690842,0.03447884808329117,-0.07127604453795344,0.5101761658031088,0.5802960713470044,0.2227861707516613,0.5509140104269782,0.6281036269430051,0.003462960030778327,5
9827810499,regime-analysis-109,33572569001,2026-09-02 01:26:11+00:00,2026-09-02T01:26:11Z,2026-10-02T01:26:10Z,24125,0.020663528348093478,0.03481764957810722,-0.10240798216892522,0.48393782383419687,0.4666068539108236,-0.06984687095368791,0.5419467481449148,0.47481865284974095,0.0035707828299115004,5
9874003459,regime-analysis-110,33696956081,2026-09-03 01:09:06+00:00,2026-09-03T01:09:06Z,2026-10-03T01:09:05Z,24125,0.02059032936192632,0.03474394710206501,-0.1047068979489929,0.5193367875647669,0.6900260756395545,0.4023845863671129,0.5570386078712655,0.664580310880829,0.0037388592649591147,5
9919754402,regime-analysis-111,33819030583,2026-09-04 01:21:15+00:00,2026-09-04T01:21:15Z,2026-10-04T01:21:14Z,24125,0.02014048416317487,0.03400108275183898,-0.06148501488541336,0.5093056994818653,0.5589858746265649,0.11241419793577319,0.55248942401562,0.6368911917098445,0.003915272445311812,5
9959998180,regime-analysis-112,33930550708,2026-09-05 01:12:51+00:00,2026-09-05T01:12:51Z,2026-10-05T01:12:50Z,24125,0.02072339235163883,0.0344692952124909,-0.09597393935755516,0.5040829015544042,0.7214630765597633,0.35540119636802203,0.5451325271772322,0.6787150259067357,0.0040907522796570905,5
10037317268,regime-analysis-113,34171829724,2026-09-08 01:18:24+00:00,2026-09-08T01:18:24Z,2026-10-08T01:18:23Z,24125,0.02039396862679165,0.03417129988888569,-0.07710593754914519,0.5035440414507772,0.7506279342846932,0.4098221049971366,0.5451577131591917,0.6728290155440414,0.0040907522796570905,5
10084188403,regime-analysis-114,34292357319,2026-09-09 01:23:02+00:00,2026-09-09T01:23:02Z,2026-10-09T01:23:01Z,24125,0.020247628834728335,0.03383151816630799,-0.054439927602275784,0.5132020725388601,0.8172612150256425,0.47767666884845006,0.5499223695210796,0.6941347150259067,0.004176961233104138,5
10131816256,regime-analysis-115,34418587479,2026-09-10 00:59:56+00:00,2026-09-10T00:59:56Z,2026-10-10T00:59:55Z,24125,0.019799128273722492,0.03359220525345383,-0.03291362604914694,0.5642279792746114,0.9813206493126165,0.9412312552948569,0.5753409945226077,0.7718963730569948,0.004124440569758154,5
10180621647,regime-analysis-116,34543403027,2026-09-11 01:24:46+00:00,2026-09-11T01:24:46Z,2026-10-11T01:24:45Z,24125,0.01997515358433642,0.033374829564418604,-0.009870847575012665,0.5284559585492228,0.8982306955342295,0.6259474899433736,0.5579187238890999,0.6548393782383419,0.003982770684012668,5
10288715712,regime-analysis-117,34659664734,2026-09-12 01:24:39+00:00,2026-09-12T01:24:39Z,2026-10-12T01:24:38Z,24125,0.020793399500161822,0.034279705909385554,-0.04920186522045222,0.4960414507772021,0.6564637470434727,0.32603482385778143,0.5277309913378249,0.6890777202072539,0.0037416577709862005,5
10376338946,regime-analysis-118,34912551669,2026-09-15 01:48:02+00:00,2026-09-15T01:48:02Z,2026-10-15T01:48:01Z,24125,0.020793399500161822,0.034279705909385554,-0.04920186522045222,0.4960414507772021,0.6564637470434727,0.32603482385778143,0.5277309913378249,0.6890777202072539,0.0037416577709862005,5
10425779034,regime-analysis-119,35037919242,2026-09-16 01:19:20+00:00,2026-09-16T01:19:20Z,2026-10-16T01:19:19Z,24080,0.020689367463822765,0.03469752053226939,-0.044436795059854095,0.5100498338870432,0.5288389018022966,0.30458223423651454,0.5301866081229418,0.718812292358804,0.0031415770195945196,5
10477550263,regime-analysis-120,35165084206,2026-09-17 01:48:37+00:00,2026-09-17T01:48:37Z,2026-10-17T01:48:35Z,24125,0.02019353161314542,0.034331496899179303,-0.022456391882961224,0.523440414507772,0.6123618040018458,0.45645118670847346,0.5409269629453116,0.6957927461139897,0.003119414741034688,5
10526733832,regime-analysis-121,35288873707,2026-09-18 00:55:28+00:00,2026-09-18T00:55:28Z,2026-10-18T00:55:27Z,24125,0.020285798893581182,0.03412610258853303,0.0010880341511519953,0.5438341968911917,0.7722687910179737,0.7707768785330451,0.5497600903189388,0.734300518134715,0.0027572500139874533,5
10574254602,regime-analysis-122,35407345736,2026-09-19 01:21:51+00:00,2026-09-19T01:21:51Z,2026-10-19T01:21:50Z,24125,0.020814583978467385,0.03509595208765344,-0.05509161861321221,0.4955025906735751,0.38586006435020626,0.07194397328193858,0.5226698483997754,0.5905906735751295,0.0027116998392902546,5
10673194012,regime-analysis-123,35672584394,2026-09-22 02:07:56+00:00,2026-09-22T02:07:56Z,2026-10-22T02:07:54Z,24125,0.020491682223532755,0.03460977020136293,-0.026061866853811955,0.4964974093264249,0.38238165026240467,0.0902872525840934,0.5209838975529352,0.6538445595854923,0.0027116998392902546,5
10728172564,regime-analysis-124,35799984314,2026-09-23 01:41:48+00:00,2026-09-23T01:41:48Z,2026-10-23T01:41:46Z,24125,0.02045217103449313,0.034391246238863256,-0.01044046442406854,0.5549844559585492,0.7943565666502134,0.8265097647140024,0.5569550930996714,0.7568911917098445,0.0027534122548679867,5
